{
  "01": {
    "prec_medi": 29.761904761904763,
    "vien_velm": 7.997198879551821,
    "vien_rach": 37.5,
    "temp_maxi": 27.554621848739497,
    "temp_mini": 12.72829131652661,
    "tmin_vari": 0.8232612608652595
  },
  "02": {
    "prec_medi": 19.490968801313628,
    "vien_velm": 14.211822660098521,
    "vien_rach": 46.144366197183096,
    "temp_maxi": 27.569786535303777,
    "temp_mini": 13.044334975369457,
    "tmin_vari": 0.7291836216420352
  },
  "03": {
    "prec_medi": 6.621073961499493,
    "vien_velm": 15.0,
    "vien_rach": 44.364837398373986,
    "temp_maxi": 26.706180344478216,
    "temp_mini": 15.21985815602837,
    "tmin_vari": 1.8567124878492656
  },
  "04": {
    "prec_medi": 1.1134453781512605,
    "vien_velm": 17.752100840336134,
    "vien_rach": 46.5990099009901,
    "temp_maxi": 28.369747899159663,
    "temp_mini": 15.953781512605042,
    "tmin_vari": 2.100347974586285
  },
  "05": {
    "prec_medi": 43.22004608294931,
    "vien_velm": 11.296082949308756,
    "vien_rach": 36.10795454545455,
    "temp_maxi": 26.533986175115206,
    "temp_mini": 12.992511520737327,
    "tmin_vari": 1.3945135869286065
  },
  "06": {
    "prec_medi": 8.047619047619047,
    "vien_velm": 8.796536796536797,
    "vien_rach": 42.22222222222222,
    "temp_maxi": 32.85627705627706,
    "temp_mini": 17.923809523809524,
    "tmin_vari": 1.000315198375432
  },
  "07": {
    "prec_medi": 0.3091684434968017,
    "vien_velm": 14.232409381663112,
    "vien_rach": 38.57371794871795,
    "temp_maxi": 27.066098081023455,
    "temp_mini": 14.942430703624733,
    "tmin_vari": 1.2144918850928663
  },
  "08": {
    "prec_medi": 16.00367478180983,
    "vien_velm": 12.23242994947175,
    "vien_rach": 40,
    "temp_maxi": 25.83785025264125,
    "temp_mini": 14.170877354157097,
    "tmin_vari": 1.6949181560222564
  },
  "09": {
    "prec_medi": 41.67886022333462,
    "vien_velm": 10.155949172121678,
    "vien_rach": 41.89873417721519,
    "temp_maxi": 26.863688871775125,
    "temp_mini": 12.198305737389296,
    "tmin_vari": 0.8614469739645341
  },
  "10": {
    "prec_medi": 22.171684817424726,
    "vien_velm": 10.102498398462524,
    "vien_rach": 45.33505154639175,
    "temp_maxi": 31.048686739269698,
    "temp_mini": 18.30429212043562,
    "tmin_vari": 0.9235946574855592
  },
  "11": {
    "prec_medi": 1.0876623376623378,
    "vien_velm": 24.074675324675326,
    "vien_rach": 60.842746400885936,
    "temp_maxi": 28.678571428571427,
    "temp_mini": 17.448051948051948,
    "tmin_vari": 1.6004837039048632
  },
  "12": {
    "prec_medi": 23.06878306878307,
    "vien_velm": 12.56084656084656,
    "vien_rach": 39.72222222222222,
    "temp_maxi": 25.294179894179894,
    "temp_mini": 13.815873015873017,
    "tmin_vari": 1.6331983301058242
  },
  "13": {
    "prec_medi": 22.591036414565828,
    "vien_velm": 11.00140056022409,
    "vien_rach": 53.0589430894309,
    "temp_maxi": 31.280112044817926,
    "temp_mini": 16.030812324929972,
    "tmin_vari": 1.0120764933750157
  },
  "14": {
    "prec_medi": 1.838095238095238,
    "vien_velm": 6.295238095238095,
    "vien_rach": 43.333333333333336,
    "temp_maxi": 33.285714285714285,
    "temp_mini": 16.95047619047619,
    "tmin_vari": 1.025997781165808
  },
  "15": {
    "prec_medi": 25.706605222734254,
    "vien_velm": 14.7926267281106,
    "vien_rach": 47.43773946360153,
    "temp_maxi": 25.832565284178187,
    "temp_mini": 14.583717357910906,
    "tmin_vari": 0.7209797859922616
  },
  "16": {
    "prec_medi": 33.34933973589436,
    "vien_velm": 14.14765906362545,
    "vien_rach": 44.17673107890499,
    "temp_maxi": 27.270108043217288,
    "temp_mini": 12.86734693877551,
    "tmin_vari": 1.3479283553437595
  },
  "17": {
    "prec_medi": 20.562378797672917,
    "vien_velm": 12.210730446024563,
    "vien_rach": 39.34027777777778,
    "temp_maxi": 26.34065934065934,
    "temp_mini": 13.696186166774401,
    "tmin_vari": 2.2290137025485386
  },
  "18": {
    "prec_medi": 6.273109243697479,
    "vien_velm": 10.77310924369748,
    "vien_rach": 46.375,
    "temp_maxi": 29.89159663865546,
    "temp_mini": 15.01344537815126,
    "tmin_vari": 1.290846061636342
  },
  "19": {
    "prec_medi": 44.39484126984127,
    "vien_velm": 8.524305555555555,
    "vien_rach": 40.266666666666666,
    "temp_maxi": 26.086805555555557,
    "temp_mini": 12.589285714285714,
    "tmin_vari": 1.093102498020973
  },
  "20": {
    "prec_medi": 23.441558441558442,
    "vien_velm": 8.25487012987013,
    "vien_rach": null,
    "temp_maxi": 26.20292207792208,
    "temp_mini": 13.688311688311687,
    "tmin_vari": 0.8911021713458931
  },
  "21": {
    "prec_medi": 1.1301989150090417,
    "vien_velm": 10.216998191681736,
    "vien_rach": 39.6875,
    "temp_maxi": 32.33273056057866,
    "temp_mini": 17.640144665461122,
    "tmin_vari": 0.7864168552169852
  },
  "22": {
    "prec_medi": 39.71004243281471,
    "vien_velm": 7.7581329561527586,
    "vien_rach": null,
    "temp_maxi": 27.497171145685996,
    "temp_mini": 14.285714285714285,
    "tmin_vari": 2.1279032832774716
  },
  "23": {
    "prec_medi": 3.0412371134020617,
    "vien_velm": 7.739322533136966,
    "vien_rach": 50.464285714285715,
    "temp_maxi": 31.992636229749632,
    "temp_mini": 16.350515463917525,
    "tmin_vari": 1.7784400193561707
  },
  "24": {
    "prec_medi": 35.02708192281652,
    "vien_velm": 8.547731888964117,
    "vien_rach": 42.54237288135593,
    "temp_maxi": 28.03182125930941,
    "temp_mini": 13.12186865267434,
    "tmin_vari": 1.4930498361343436
  },
  "25": {
    "prec_medi": 28.15708101422387,
    "vien_velm": 8.345701917130489,
    "vien_rach": 43.75,
    "temp_maxi": 27.239332096474953,
    "temp_mini": 13.791589363017934,
    "tmin_vari": 2.4696805527428465
  },
  "26": {
    "prec_medi": 46.0632183908046,
    "vien_velm": 7.311165845648604,
    "vien_rach": null,
    "temp_maxi": 26.862068965517242,
    "temp_mini": 12.642036124794746,
    "tmin_vari": 1.074410617688096
  },
  "27": {
    "prec_medi": 38.35820895522388,
    "vien_velm": 11.684434968017058,
    "vien_rach": 46.55982905982906,
    "temp_maxi": 26.243070362473347,
    "temp_mini": 13.989339019189766,
    "tmin_vari": 0.7593219613327176
  },
  "28": {
    "prec_medi": 38.244213886671986,
    "vien_velm": 9.034317637669593,
    "vien_rach": 37.94871794871795,
    "temp_maxi": 28.256983240223462,
    "temp_mini": 14.458100558659218,
    "tmin_vari": 1.281397781576124
  },
  "29": {
    "prec_medi": 0.4160887656033287,
    "vien_velm": 16.699029126213592,
    "vien_rach": 54.60606060606061,
    "temp_maxi": 26.897364771151178,
    "temp_mini": 16.044382801664355,
    "tmin_vari": 1.3746153925649267
  },
  "30": {
    "prec_medi": 2.365079365079365,
    "vien_velm": 15.476190476190476,
    "vien_rach": 45.94086021505376,
    "temp_maxi": 29.09206349206349,
    "temp_mini": 15.679365079365079,
    "tmin_vari": 1.5699980370441258
  },
  "31": {
    "prec_medi": 34.47741596638655,
    "vien_velm": 6.706932773109243,
    "vien_rach": 40,
    "temp_maxi": 27.327205882352942,
    "temp_mini": 13.439600840336134,
    "tmin_vari": 1.1468492044985992
  },
  "32": {
    "prec_medi": 39.08385093167702,
    "vien_velm": 8.175465838509316,
    "vien_rach": 42.22222222222222,
    "temp_maxi": 29.3555900621118,
    "temp_mini": 14.602484472049689,
    "tmin_vari": 0.7971765850284737
  },
  "33": {
    "prec_medi": 40.833333333333336,
    "vien_velm": 9.795482295482296,
    "vien_rach": 42.803030303030305,
    "temp_maxi": 24.56776556776557,
    "temp_mini": 13.573260073260073,
    "tmin_vari": 0.8476573444647397
  },
  "34": {
    "prec_medi": 32.794190974819244,
    "vien_velm": 8.56332585390177,
    "vien_rach": 43.686708860759495,
    "temp_maxi": 27.94764397905759,
    "temp_mini": 12.468960359012716,
    "tmin_vari": 0.9119526732385739
  },
  "35": {
    "prec_medi": 3.4558823529411766,
    "vien_velm": 13.056722689075631,
    "vien_rach": 43.125,
    "temp_maxi": 28.176470588235293,
    "temp_mini": 18.869747899159663,